,index,delta_d,delta_t,avg_elevation,pace,d_cumsum,t_cumsum,avg_pace
0,1,9.144401088548525,5.0,29.05,9.113044422088084,9.144401088548525,5.0,9.113044422088084
1,2,9.755369790017498,6.0,28.55,10.250764671404694,18.899770878566024,11.0,9.70029396183047
2,3,11.43327038585317,3.0,28.15,4.373201919712049,30.333041264419194,14.0,7.692381759524868
3,4,11.734887828632463,4.0,27.9,5.681065523609333,42.06792909305166,18.0,7.131323230492724
4,5,9.149715611806455,3.0,27.55,5.464650719360266,51.21764470485812,21.0,6.8335824893330495
5,6,10.809201145177273,4.0,27.0,6.16758498350373,62.026845850035386,25.0,6.717521436992898
6,7,10.09848130369041,4.0,26.549999999999997,6.60165272993117,72.12532715372579,29.0,6.7012983151282075
7,8,11.259167303893426,4.0,26.299999999999997,5.9211009897342315,83.38449445761921,33.0,6.595950525064844
8,9,9.17952913160047,3.0,26.15,5.446902480855508,92.56402358921969,36.0,6.481999990219505
9,10,10.031163951804048,3.0,26.15,4.984466432831833,102.59518754102373,39.0,6.335579821812703
10,11,11.15164733802529,3.0,26.299999999999997,4.483642504503186,113.74683487904902,42.0,6.154017390851662
11,12,10.726713937434727,3.0,26.549999999999997,4.661259756868039,124.47354881648374,45.0,6.02537653285482
12,13,10.086316075604335,3.0,26.9,4.957211297485954,134.5598648920881,48.0,5.945309179981488
13,14,9.106402347416504,3.0,27.3,5.4906425273626365,143.66626723950458,51.0,5.91648976710012
14,15,11.087886779996822,4.0,27.6,6.0125674070677855,154.7541540195014,55.0,5.92337357581466
15,16,11.314953191257853,4.0,27.85,5.891908303975539,166.06910721075926,59.0,5.921229720861805
16,17,10.236730308273026,3.0,28.2,4.884372108503382,176.30583751903228,62.0,5.861027336782224
17,18,9.883710643148353,3.0,28.5,5.058828794695776,186.18954816218064,65.0,5.818443323089728
18,19,10.10394270622778,3.0,28.75,4.948563293928957,196.2934908684084,68.0,5.773667421774568
19,20,9.767606790704368,3.0,29.1,5.118961181728156,206.0610976591128,71.0,5.74263335863096
20,21,10.862812956989066,4.0,29.4,6.137145777123388,216.92391061610186,75.0,5.762389201124861
21,22,11.55787984212449,4.0,29.7,5.768070578454158,228.48179045822636,79.0,5.762676596791615
22,23,10.331920001181762,4.0,30.049999999999997,6.45249543734769,238.81371045940813,83.0,5.792520582977428
23,24,11.106147211088693,4.0,30.299999999999997,6.002681704066084,249.9198576704968,87.0,5.801859898270794
24,25,9.160977160759042,3.0,30.45,5.45793304825325,259.08083483125586,90.0,5.789698805691196
25,26,9.284326276449331,3.0,30.55,5.3854203860575485,268.3651611077052,93.0,5.775712441966063
26,27,10.804104166842393,4.0,30.6,6.1704946228920585,279.16926527454757,97.0,5.790990870992781
27,28,9.193779943846819,3.0,30.5,5.438459513430471,288.3630452183944,100.0,5.779751234782534
28,29,8.95616130371497,3.0,30.2,5.582748937232769,297.31920652210937,103.0,5.773816924736784
29,30,11.034743462455685,4.0,29.8,6.041523927900231,308.3539499845651,107.0,5.783397078009215
30,31,9.808617488132583,3.0,29.4,5.097558352183154,318.1625674726977,110.0,5.762253391077051
31,32,9.829797147673837,4.0,28.95,6.782099942158312,327.9923646203715,114.0,5.792817775496447
32,33,12.254448132660418,4.0,28.5,5.440201463580184,340.2468127530319,118.0,5.780117823158482
33,34,11.67640508708229,2.0,28.05,2.854759926941066,351.9232178401142,120.0,5.6830578336796185
34,35,11.25778582313654,3.0,27.65,4.441370690961454,363.18100366325075,123.0,5.644568353858078
35,36,11.226956289625196,3.0,27.4,4.453566818123705,374.40795995287596,126.0,5.608855111585533
36,37,10.80851100471749,3.0,27.25,4.625984095142889,385.21647095759346,129.0,5.581277442928141
37,38,10.526511985499663,3.0,27.2,4.749911468193388,395.7429829430931,132.0,5.559163636052024
38,39,10.479244398480915,3.0,27.299999999999997,4.771336376814349,406.222227341574,135.0,5.538840192779693
39,40,10.702477129742144,3.0,27.5,4.671815636125041,416.92470447131615,138.0,5.516583630889728
40,41,11.315590439007496,3.0,27.700000000000003,4.418682371857352,428.24029491032366,141.0,5.487573280538922
41,42,10.059853926661718,3.0,27.9,4.9702510955437,438.3001488369854,144.0,5.4756997148376945
42,43,11.87854643217101,4.0,28.0,5.612358973999664,450.1786952691564,148.0,5.479305645932171
43,44,11.40696117305311,5.0,27.95,7.305480580594359,461.5856564422095,153.0,5.52443509543772
44,45,10.351372485127158,3.0,27.85,4.830277344558893,471.93702892733666,156.0,5.509209578043764
45,46,10.123526217003167,3.0,27.65,4.938990518542988,482.06055514433984,159.0,5.497234676681916
46,47,8.987760178540181,3.0,27.4,5.563121290150083,491.04831532288,162.0,5.498440613169935
47,48,11.321379338507377,4.0,27.1,5.888563987950965,502.36969466138737,166.0,5.507232414828456
48,49,8.99384906986282,3.0,26.7,5.5593550227058275,511.3635437312502,169.0,5.508149145937123
49,50,9.122634559883062,3.0,26.35,5.480872841259678,520.4861782911332,172.0,5.5076710703030445
50,51,10.234738554589978,3.0,25.95,4.885322642421235,530.7209168457232,175.0,5.495669332201055
51,52,10.027648539403385,3.0,25.549999999999997,4.9862138469977575,540.7485653851265,178.0,5.486221982953902
52,53,9.1612514023369,3.0,25.15,5.457769665315127,549.9098167874635,181.0,5.485747980077592
53,54,9.203042284244214,11.0,24.75,19.920948711406393,559.1128590717077,192.0,5.723352536217722
54,55,10.422067750631522,4.0,24.5,6.396683293737658,569.5349268223392,196.0,5.73567399086952
55,56,11.954140774245953,4.0,24.299999999999997,5.576868126757684,581.4890675965852,200.0,5.732409290359818
56,57,10.378781868492274,3.0,24.15,4.817521037973553,591.8678494650775,203.0,5.71636613881147
57,58,10.130042619681484,3.0,24.1,4.9358133896550305,601.997892084759,206.0,5.703231487146027
58,59,10.429700357647564,3.0,24.1,4.794001580624276,612.4275924424065,209.0,5.68774721504879
59,60,9.434336984756522,3.0,24.1,5.299789490325311,621.8619294271631,212.0,5.6818614649527
60,61,9.770797436043216,3.0,24.15,5.117289589440921,631.6327268632064,215.0,5.673128039341416
61,62,9.235248540428081,3.0,24.299999999999997,5.41403945774938,640.8679754036344,218.0,5.669394435015997
62,63,11.471570431836456,4.0,24.5,5.811468191107481,652.3395458354709,222.0,5.671892841114359
63,64,9.006304510069135,3.0,24.8,5.5516666068862675,661.34585034554,225.0,5.670255582673875
64,65,11.098413880819322,5.0,25.25,7.508580435746138,672.4442642263593,230.0,5.700596372464484
65,66,11.55389204849841,4.0,25.7,5.770061411931829,683.9981562748577,234.0,5.701769755111481
66,67,11.939624450936162,4.0,26.15,5.583648542767983,695.9377807257939,238.0,5.699743247923439
67,68,9.164639842693054,3.0,26.6,5.455751765287851,705.102420568487,241.0,5.696571944013807
68,69,9.717196396440396,3.0,27.05,5.145517077159827,714.8196169649274,244.0,5.689080951546127
69,70,9.055650997598066,3.0,27.450000000000003,5.521414199074376,723.8752679625254,247.0,5.686983447098215
70,71,11.638096690519788,4.0,27.8,5.728313524063801,735.5133646530452,251.0,5.687637416767656
71,72,11.30621911952331,4.0,28.1,5.896459812241587,746.8195837725685,255.0,5.690798811851012
72,73,12.109746641587218,4.0,28.35,5.505207387057992,758.9293304141557,259.0,5.687837448990167
73,74,9.75921117552635,3.0,28.55,5.123364901190727,768.6885415896821,262.0,5.680670948517335
74,75,9.138272354081188,3.0,28.700000000000003,5.4714937422137355,777.8268139437633,265.0,5.678213437092939
75,76,9.419900059667565,3.0,28.85,5.307911939966434,787.246714003431,268.0,5.673782547725184
76,77,9.01214817271064,3.0,28.95,5.548066791822531,796.2588621761416,271.0,5.672359682531895
77,78,11.33521843800618,4.0,29.0,5.881374675863156,807.5940806141479,275.0,5.675293372442582
78,79,9.4585544553857,3.0,28.95,5.286220028212663,817.0526350695336,278.0,5.670789291241956
79,80,9.53328422874149,4.0,28.7,6.9930430129919126,826.5859192982751,282.0,5.686039273436976
80,81,9.053759347108134,8.0,28.3,14.72684751400217,835.6396786453832,290.0,5.783992140210989
81,82,10.771055227733125,7.0,27.8,10.831498325834906,846.4107338731163,297.0,5.84822451075159
82,83,10.28237450910869,4.0,27.25,6.483586705348038,856.693108382225,301.0,5.855850382805245
83,84,10.720368161133678,3.0,26.65,4.664018926259759,867.4134765433587,304.0,5.841120530957538
84,85,11.622116909747591,3.0,25.9,4.302142233491428,879.0355934531062,307.0,5.820773020768043
85,86,11.277963507502927,3.0,25.05,4.433424524448616,890.3135569606092,310.0,5.803198913767928
86,87,9.3460805741305,3.0,24.200000000000003,5.349836180355387,899.6596375347397,313.0,5.7984891719289005
87,88,9.140949948417163,3.0,23.450000000000003,5.469891015939536,908.8005874831568,316.0,5.795184047198116
88,89,10.040751470873795,3.0,22.8,4.97970696167911,918.8413389540307,319.0,5.786272821289179
89,90,9.120638231127868,3.0,22.2,5.48207249678589,927.9619771851585,322.0,5.783282934658262
90,91,12.199943795703925,4.0,21.75,5.464506048801847,940.1619209808624,326.0,5.779146349242465
91,92,9.225324155794981,4.0,21.55,7.226485003758847,949.3872451366574,330.0,5.793210334533529
92,93,11.557480066358329,3.0,21.4,4.326202572958849,960.9447252030158,333.0,5.775566330131496
93,94,10.782140627211822,4.0,21.200000000000003,6.183064103097879,971.7268658302276,337.0,5.7800878664272375
94,95,10.740721706595192,5.0,21.0,7.758634439077186,982.4675875368227,342.0,5.8017181149870405
95,96,11.652223482215454,3.0,20.799999999999997,4.291026521789078,994.1198110190383,345.0,5.784011078207838
96,97,9.088606074225876,3.0,20.6,5.501393678156391,1003.2084170932641,348.0,5.781450694767046
97,98,11.320231323444457,4.0,20.4,5.889161163040766,1014.5286484167085,352.0,5.782652540982742
98,99,11.471668572007538,4.0,20.1,5.811418473973575,1026.0003169887161,356.0,5.782974171730775
99,100,10.174207453637504,3.0,19.65,4.914387703203742,1036.1745244423537,359.0,5.774445512982894
100,101,9.2240775908543,3.0,19.1,5.420596206776833,1045.398602033208,362.0,5.771323322605399
101,102,11.647213387031499,4.0,18.450000000000003,5.72382976522918,1057.0458154202395,366.0,5.7708000079210215
102,103,11.920750217530564,4.0,17.8,5.59248918483563,1068.9665656377701,370.0,5.768811546493496
103,104,11.658840199795222,4.0,17.2,5.718121659119885,1080.6254058375653,374.0,5.7682646545793865
104,105,9.467047976706812,4.0,16.7,7.041969876005339,1090.0924538142722,378.0,5.779326311228076
105,106,10.918567973655499,3.0,16.3,4.579355105966353,1101.0110217879276,381.0,5.767426369345748
106,107,12.070575513771301,4.0,15.950000000000001,5.523072747493006,1113.0815973016988,385.0,5.764776528712513
107,108,9.321985262182768,3.0,15.65,5.363664347640512,1122.4035825638816,388.0,5.761445140699751
108,109,12.342975502860824,4.0,15.35,5.401182774057587,1134.7465580667424,392.0,5.7575264598855584
109,110,11.394621072059113,4.0,15.05,5.850713792505203,1146.1411791388016,396.0,5.758452902773436
110,111,9.561669476354245,3.0,14.8,5.229212338247905,1155.7028486151557,399.0,5.754074248383566
111,112,11.505497619912935,4.0,14.6,5.794331446497761,1167.2083462350686,403.0,5.754471074792993
112,113,11.800977041471763,4.0,14.5,5.649249755539929,1179.0093232765403,407.0,5.753417890269119
113,114,9.877381523779144,3.0,14.5,5.062070335101292,1188.8867048003194,410.0,5.747674110361116
114,115,10.351547222221331,4.0,14.5,6.440261077450866,1199.2382520225408,414.0,5.753652360874083
115,116,9.331863152397855,2.0,14.55,3.571991229293608,1208.5701151749386,416.0,5.736806864804649
116,117,12.154361001916389,4.0,14.649999999999999,5.484999717891815,1220.724476176855,420.0,5.734299702028634
117,118,11.54399926839307,4.0,14.7,5.775006140999755,1232.268475445248,424.0,5.73468104352285
118,119,8.993917194746789,3.0,14.7,5.559312913087997,1241.2623926399947,427.0,5.733410364210338
119,120,11.12590648114842,4.0,14.649999999999999,5.99202112471696,1252.388299121143,431.0,5.735707797952281
120,121,11.992350052829973,4.0,14.55,5.559099456985461,1264.380649173973,435.0,5.734032709798639
121,122,9.920702012222494,3.0,14.35,5.03996591555709,1274.3013511861957,438.0,5.728629254928377
122,123,10.171932420999896,3.0,14.05,4.915486844640777,1284.4732836071955,441.0,5.72218986085794
123,124,10.209117661688847,3.0,13.75,4.897582891774482,1294.6824012688844,444.0,5.715687486558443
124,125,9.382618633937954,3.0,13.5,5.329002696448149,1304.0650199028223,447.0,5.712905327799658
125,126,9.121658274964174,3.0,13.25,5.481459455374783,1313.1866781777865,450.0,5.711297658309482
126,127,9.689901358023103,3.0,13.0,5.16001124806092,1322.8765795358095,453.0,5.707259556026955
127,128,11.543138302333906,4.0,12.850000000000001,5.775436880383504,1334.4197178381435,457.0,5.707849310714787
128,129,10.968262187609648,4.0,12.850000000000001,6.078143057336558,1345.3879800257532,461.0,5.710868126818155
129,130,11.803961904195914,4.0,13.100000000000001,5.647821232205849,1357.191941929949,465.0,5.7103197864403565
130,131,9.345514261895502,3.0,13.600000000000001,5.350160365584714,1366.5374561918445,468.0,5.707856718202519
131,132,11.235617598283111,4.0,14.3,5.933511538952148,1377.7730737901277,472.0,5.709696913314024
132,133,9.996499797486736,4.0,15.25,6.669000952056001,1387.7695735876143,476.0,5.716607053737567
133,134,11.703348067496773,4.0,16.35,5.6963756253492335,1399.4729216551111,480.0,5.716437864720283
134,135,10.71107220497934,4.0,17.45,6.22408899789461,1410.1839938600904,484.0,5.72029373598676
135,136,9.250658222270872,3.0,18.4,5.40502078864242,1419.4346520823613,487.0,5.718239057190289
136,137,10.024084162597497,3.0,19.15,4.9879868513637575,1429.4587362449588,490.0,5.71311816115774
137,138,9.821898438061696,3.0,19.7,5.090665548550231,1439.2806346830205,493.0,5.708870437540669
138,139,10.012519837033352,4.0,20.1,6.6583305453324915,1449.2931545200538,497.0,5.71542983384644
139,140,11.014369892225574,5.0,20.55,7.5658738673878805,1460.3075244122795,502.0,5.72938680846279
140,141,10.334502882209744,3.0,21.15,4.838162083835899,1470.6420272944893,505.0,5.723123989697642
141,142,10.306843137897566,4.0,21.95,6.468194555279282,1480.948870432387,509.0,5.728309398592868
142,143,9.578309474874874,3.0,22.65,5.220127845227424,1490.5271799072618,512.0,5.725043761942176
143,144,9.456349118550465,3.0,23.0,5.287452839692148,1499.9835290258122,515.0,5.7222850566285315
144,145,10.200699016980451,3.0,23.05,4.901624870684667,1510.1842280427927,518.0,5.716741820646732
145,146,9.861099240670367,3.0,22.95,5.070428638805683,1520.0453272834632,521.0,5.712548946715742
146,147,9.41469567581349,5.0,23.0,8.851410199845127,1529.4600229592766,526.0,5.731870421630555
147,148,10.56559789701064,3.0,23.25,4.7323398531139125,1540.025620856287,529.0,5.725012978527209
148,149,9.916311868347123,3.0,23.7,5.042197206362585,1549.9419327246342,532.0,5.720644418646061
149,150,9.9354695920572,7.0,24.35,11.742441118227019,1559.8774023166914,539.0,5.758999598296321
150,151,0.0,1.0,24.95,inf,1559.8774023166914,540.0,5.769684198664217
151,152,8.232579957525315,4.0,22.799999999999997,8.097906975774631,1568.1099822742167,544.0,5.781907372030982
152,153,9.727365851515781,5.0,24.0,8.56689617779183,1577.8373481257324,549.0,5.799076825547971
153,154,10.72482637538417,5.0,25.1,7.770133558954541,1588.5621745011167,554.0,5.812383979388804
154,155,11.210757956253397,5.0,25.9,7.433336234580796,1599.7729324573702,559.0,5.823743156071264
155,156,11.909084663354317,5.0,26.35,6.997459140563507,1611.6820171207246,564.0,5.832416010196064
156,157,11.585894361360804,3.0,26.6,4.315592602566015,1623.2679114820853,567.0,5.82158985165419
157,158,10.325144805402346,4.0,26.7,6.456729462213953,1633.5930562874876,571.0,5.825604259297169
158,159,10.963571061242117,4.0,26.6,6.080743791805521,1644.5566273487298,575.0,5.827305167826963
159,160,11.247274580763692,4.0,26.15,5.927361885579572,1655.8039019294933,579.0,5.82798481677386
160,161,10.805365233547912,4.0,25.200000000000003,6.169774480152102,1666.6092671630413,583.0,5.830200790378843
161,162,10.98743658496565,4.0,23.9,6.067535967205319,1677.596703748007,587.0,5.831755219520803
162,163,11.393185017643248,4.0,22.25,5.851451245935888,1688.9898887656502,591.0,5.831888080276543
163,164,11.298389722716013,5.0,20.3,7.375682320975992,1700.2882784883661,596.0,5.84214656950086
164,165,11.017677764385873,3.0,18.3,4.538161404722024,1711.305956252752,599.0,5.833751292021356
165,166,9.03177015822741,3.0,16.35,5.536013331168857,1720.3377264109793,602.0,5.832188168229722
166,167,10.813459072553444,4.0,14.5,6.16515642398638,1731.1511854835328,606.0,5.834268020432276
167,168,10.258620118413088,4.0,12.85,6.498599801644606,1741.409805601946,610.0,5.838181589400432
168,169,11.72931038856711,4.0,11.45,5.6837669443591965,1753.139115990513,614.0,5.837148484107357
169,170,12.024663271533177,4.0,10.4,5.544160793632476,1765.163779262046,618.0,5.83515259094319
170,171,10.902020159518111,4.0,9.85,6.115074609219348,1776.0657994215642,622.0,5.8368708355528955
171,172,11.056477805204791,4.0,9.85,6.029647763167725,1787.122277226769,626.0,5.838063498108048
172,173,10.576478972256252,4.0,10.2,6.303294966268424,1797.6987561990252,630.0,5.840800614559436
173,174,10.411511803929944,4.0,10.65,6.403168715757742,1808.110268002955,634.0,5.844038858502516
174,175,11.084109409701059,4.0,11.2,6.014616438946238,1819.1943774126562,638.0,5.845078165015308
175,176,11.194620515499938,4.0,11.85,5.955241320986343,1830.3889979281562,642.0,5.845751920554311
176,177,11.793475180320703,4.0,12.45,5.652843258440959,1842.1824731084769,646.0,5.844516937835762
177,178,10.732924273923578,3.0,12.95,4.658562636231268,1852.9153973824004,649.0,5.837647353973791
178,179,10.793332871665713,3.0,13.399999999999999,4.6324893890059,1863.7087302540663,652.0,5.830667899047342
179,180,9.921368428352604,3.0,13.899999999999999,5.03962738215763,1873.630098682419,655.0,5.826479129655061
180,181,10.010317270893063,3.0,14.399999999999999,4.994846681371897,1883.640415953312,658.0,5.822059546920705
181,182,9.895227618576252,3.0,14.75,5.052940864759422,1893.5356435718882,661.0,5.818040290958177
182,183,9.478645729003222,3.0,14.850000000000001,5.275015168781713,1903.0142893008913,664.0,5.815335559425682
183,184,11.95468428023726,4.0,14.600000000000001,5.576614580853119,1914.9689735811285,668.0,5.813845282575627
184,185,9.46737687939767,3.0,13.95,5.281293925121642,1924.4363504605262,671.0,5.811225365108652
185,186,10.114471235827875,3.0,12.9,4.943412150196052,1934.5508216963542,674.0,5.806688150732134
186,187,11.719125169844807,4.0,11.5,5.688706767823482,1946.269946866199,678.0,5.805977746403976
187,188,11.459435604209604,4.0,9.899999999999999,5.817622173484423,1957.7293824704086,682.0,5.806045906264818
188,189,11.249685578955692,4.0,8.3,5.92609155151653,1968.9790680493643,686.0,5.806731782405463
189,190,9.453771814969512,3.0,6.75,5.28889431420672,1978.4328398643338,689.0,5.804257340431517
190,191,9.893489385239816,3.0,5.3,5.053828639528885,1988.3263292495735,692.0,5.800523366647868
191,192,9.46922321035351,3.0,4.05,5.280264166265584,1997.795552459927,695.0,5.798057423378752
192,193,9.978682890449369,3.0,2.9,5.010681324271279,2007.7742353503763,698.0,5.794144146542054
193,194,9.489466306437766,3.0,1.8499999999999999,5.269000214066771,2017.2637016568142,701.0,5.79167380235792
194,195,10.736209057212612,4.0,1.0499999999999998,6.209516442107639,2027.9999107140268,705.0,5.793885856663086
195,196,10.705274333659531,4.0,0.5,6.227459903297694,2038.7051850476864,709.0,5.796162561086667
196,197,9.294838939335996,3.0,0.2,5.379329359694306,2048.0000239870224,712.0,5.79427076546844
197,198,10.06063055195416,4.0,0.15000000000000002,6.626489892695388,2058.0606545389765,716.0,5.798338988219229
198,199,9.539623019989246,2.0,0.35,3.4941981736057017,2067.600277558966,718.0,5.787707999727422
199,200,9.740649364516251,3.0,0.7,5.133128000905424,2077.340926923482,721.0,5.784638674819357
200,201,9.679249151297093,3.0,1.25,5.165689943346445,2087.020176074779,724.0,5.781768094528622
201,202,9.108436108504025,3.0,2.0,5.489416558932423,2096.128612183283,727.0,5.780497721485802
202,203,11.707923142641112,4.0,2.8,5.694149667233618,2107.836535325924,731.0,5.780018103467158
203,204,9.539609947825118,3.0,3.7,5.241304442578307,2117.3761452737494,734.0,5.777590987146841
204,205,9.821810649356491,3.0,4.75,5.090711049624635,2127.197955923106,737.0,5.774419488854263
205,206,9.625120401680919,3.0,5.85,5.194740212420414,2136.8230763247866,740.0,5.771808377577971
206,207,9.313254361522407,3.0,6.95,5.3686926244143365,2146.136330686309,743.0,5.770059038781237
207,208,11.83619332126563,4.0,8.15,5.632441517061845,2157.9725240075745,747.0,5.769304224911577
208,209,9.535944421568011,3.0,9.45,5.24331915011082,2167.5084684291423,750.0,5.7669901557797
209,210,9.625765669505281,3.0,10.75,5.194391980515537,2177.1342340986475,753.0,5.764458526920279
210,211,11.607460930107628,4.0,11.95,5.743432355110973,2188.741695028755,757.0,5.764347019715779
211,212,10.822134848106483,4.0,12.9,6.160214006049937,2199.5638298768617,761.0,5.766294735826505
212,213,10.019423527149854,4.0,13.5,6.653742751368731,2209.5832534040114,765.0,5.770318896270493
213,214,10.251226720324235,4.0,13.95,6.503286727089192,2219.8344801243356,769.0,5.7737037519791965
214,215,10.884120993753344,4.0,14.399999999999999,6.125130977956626,2230.718601118089,773.0,5.775418435510378
215,216,10.522691127176353,4.0,14.8,6.335514923030524,2241.241292245265,777.0,5.778048104328272
216,217,10.976540884954268,4.0,15.15,6.073558816516395,2252.2178331302193,781.0,5.779488322661757
217,218,10.99601437716202,4.0,15.350000000000001,6.062802791994238,2263.213847507381,785.0,5.780864829783021
218,219,9.68228227343558,4.0,15.4,6.885428949905136,2272.896129780817,789.0,5.785570148895498
219,220,11.535492386361955,4.0,15.4,5.779264935884709,2284.431622167179,793.0,5.7855383100188265
220,221,11.295400621549476,5.0,15.45,7.377634147331542,2295.7270227887284,798.0,5.7933717153548425
221,222,11.929317234151213,3.0,15.55,4.191354711974642,2307.6563400228797,801.0,5.785090166357977
222,223,9.551102524916123,3.0,15.75,5.234997726133098,2317.207442547796,804.0,5.782822786580794
223,224,9.318260958473132,3.0,16.2,5.365808086168139,2326.525703506269,807.0,5.781152548510305
224,225,11.627333691519489,4.0,16.65,5.733616015105051,2338.1530371977888,811.0,5.780916155456622
225,226,9.719049864490582,4.0,17.0,6.85938107080192,2347.872087062279,815.0,5.7853804762972265
226,227,11.013234873368232,4.0,17.35,6.053322882260266,2358.8853219356474,819.0,5.786631453876326
227,228,10.526432010961125,4.0,17.75,6.333263407510444,2369.4117539466088,823.0,5.789059940223354
228,229,9.386855156678369,3.0,18.25,5.326597584114954,2378.798609103287,826.0,5.787235041244687
229,230,9.608998734029077,3.0,18.65,5.203455779729807,2388.4076078373164,829.0,5.784886390969733
230,231,9.318259595856324,4.0,18.9,7.1544118277529245,2397.725867433173,833.0,5.790208764855925
231,232,10.136409801173432,2.0,18.8,3.2884753070534436,2407.8622772343465,835.0,5.779677184299448
232,233,9.987853925127451,3.0,18.200000000000003,5.006080422763288,2417.850131159474,838.0,5.776481547253297
233,234,11.550643195647693,4.0,17.200000000000003,5.771684358823135,2429.400774355122,842.0,5.776458738907929
234,235,9.551099915299664,3.0,15.950000000000001,5.234999156474771,2438.9518742704217,845.0,5.7743383466908975
235,236,9.518526026326102,3.0,14.55,5.252914144659714,2448.470400296748,848.0,5.772311289374955
236,237,11.492310587408383,4.0,13.0,5.800980243234149,2459.962710884156,852.0,5.772445223324649
237,238,11.42718303958665,4.0,11.45,5.834042076311939,2471.3898939237424,856.0,5.7727300341169405
238,239,11.26869181947223,4.0,10.1,5.916096361022766,2482.6585857432146,860.0,5.773380768359847
239,240,11.16208019532288,4.0,9.0,5.972602373400009,2493.8206659385373,864.0,5.774272463405315
240,241,9.093300664904532,3.0,8.25,5.498553478273769,2502.913966603442,867.0,5.773270752733563
241,242,12.266559515527252,4.0,7.9,5.434830082736622,2515.1805261189693,871.0,5.771620174344504
242,243,10.210586064908684,3.0,7.9,4.896878561343105,2525.391112183878,874.0,5.768083445130159
243,244,9.791558662933927,3.0,8.3,5.106439303609103,2535.1826708468116,877.0,5.76552799715389
244,245,9.054115897204552,3.0,9.0,5.522350339632547,2544.236786744016,880.0,5.764662606516398
245,246,11.013872642611055,5.0,9.65,7.566215448227439,2555.2506593866274,885.0,5.772427822615511
246,247,10.601292808582832,3.0,10.2,4.716405904713799,2565.8519521952103,888.0,5.7680646723743685
247,248,10.697658451016643,5.0,10.7,7.789866699792965,2576.549610646227,893.0,5.776459056653068
248,249,11.054192958030711,3.0,10.95,4.523170546220268,2587.603803604258,896.0,5.77110503259146
249,250,11.048124413176199,4.0,10.85,6.034206728081262,2598.651928017434,900.0,5.772223604968833
250,251,11.198743165859709,5.0,10.45,7.441311234584062,2609.850671183294,905.0,5.779385579365207
251,252,9.806578861961341,3.0,9.8,5.098618050576699,2619.6572500452553,908.0,5.776837154200956
252,253,11.115108028909104,4.0,8.9,5.997842440511997,2630.7723580741645,912.0,5.777770909500902
253,254,10.42200648449603,4.0,7.9,6.3967208968677225,2641.1943645586607,916.0,5.780213251824692
254,255,10.572006333527327,4.0,6.9,6.305961665501905,2651.766370892188,920.0,5.782309294530507
255,256,11.560667315259868,4.0,6.0,5.766679798723028,2663.327038207448,924.0,5.782241451791429
256,257,10.72577633538531,4.0,5.449999999999999,6.215556299335394,2674.0528145428334,928.0,5.783979502031978
257,258,11.324771227505781,4.0,5.1,5.8868003006317355,2685.377585770339,932.0,5.784413117784095
258,259,9.136929163260854,3.0,4.75,5.4722980890612085,2694.5145149336,935.0,5.783354755362061
259,260,11.927919677790424,4.0,4.55,5.589127732876909,2706.44243461139,939.0,5.78249875181518
260,261,11.603561718674406,4.0,4.4,5.745362353644867,2718.0459963300646,943.0,5.782340213479641
261,262,11.844539105920894,4.0,4.25,5.628472840563385,2729.8905354359854,947.0,5.781672608646415
262,263,11.059868867225314,4.0,4.25,6.027799015251066,2740.9504043032107,951.0,5.7826657407284605
263,264,9.533560456351104,4.0,4.4,6.992840394928677,2750.483964759562,955.0,5.7868603746097635
264,265,9.848582819644793,4.0,4.85,6.769163430670233,2760.3325475792067,959.0,5.790365130951562
265,266,10.458661874681741,4.0,5.6,6.374301747726722,2770.7912094538883,963.0,5.792569265139033
266,267,11.058276713965137,4.0,6.45,6.028666888257146,2781.8494861678532,967.0,5.793507789261539
267,268,10.757549888004512,4.0,7.300000000000001,6.197198001471049,2792.607036055858,971.0,5.795062865769286
268,269,10.996169330835757,4.0,8.15,6.062717357372644,2803.603205386694,975.0,5.796112648458282
269,270,9.944399965182608,4.0,9.05,6.703940599742608,2813.5476053518764,979.0,5.799321339233576
270,271,11.17927606724029,4.0,9.95,5.963415364795081,2824.7268814191166,983.0,5.799970765705496
271,272,10.844095331863185,4.0,10.95,6.147738896280275,2835.5709767509798,987.0,5.801300737972903
272,273,10.95558404115174,4.0,12.0,6.085176875669161,2846.5265607921315,991.0,5.802393307747815
273,274,11.219043854503072,4.0,13.0,5.942277036372237,2857.7456046466345,995.0,5.802942468486061
274,275,9.0636363515289,4.0,14.0,7.355399541754674,2866.8092409981637,999.0,5.807850680083205
275,276,9.09595616809267,2.0,14.9,3.664632141727107,2875.905197166256,1001.0,5.80107207628822
276,277,10.737233185654297,4.0,15.700000000000001,6.208924171986695,2886.64243035191,1005.0,5.802589133964199
277,278,10.34767985422484,4.0,16.65,6.442668076887538,2896.990110206135,1009.0,5.804875414459071
278,279,10.059858491006317,4.0,17.9,6.626998453931315,2907.049968697141,1013.0,5.807720374651824
279,280,10.531777784790515,4.0,19.5,6.330048737160354,2917.5817464819315,1017.0,5.809605856095923
280,281,11.268690311859327,4.0,21.299999999999997,5.916097152524082,2928.850436793791,1021.0,5.810015579113965
281,282,10.02534506539506,4.0,22.95,6.649812672960559,2938.8757818591857,1025.0,5.812880366970158
282,283,10.18876208049878,4.0,24.4,6.543156679874409,2949.0645439396844,1029.0,5.815403408258114
283,284,9.267789158073255,4.0,25.55,7.193373255431985,2958.332333097758,1033.0,5.819720277551975
284,285,9.38258575299176,4.0,26.3,7.105361829004241,2967.7149188507497,1037.0,5.823784900480374
285,286,10.582627905825605,4.0,26.700000000000003,6.299632497705744,2978.2975467565752,1041.0,5.825475704700657
286,287,9.535485257266748,4.0,26.6,6.991428843735217,2987.833032013842,1045.0,5.829196772393799
287,288,10.410790698282616,4.0,25.9,6.403612232610163,2998.2438227121247,1049.0,5.831191313026176
288,289,10.735692322928827,4.0,24.6,6.209815320832443,3008.9795150350537,1053.0,5.832542199874548
289,290,11.462367108774469,4.0,22.9,5.81613431449366,3020.441882143828,1057.0,5.832479933089404
290,291,11.295398833338943,4.0,21.0,5.902108252246624,3031.737280977167,1061.0,5.832739348586884
291,292,11.064957698801408,4.0,19.0,6.025026799143409,3042.802238675968,1065.0,5.833438589726968
292,293,11.368426048340982,4.0,17.1,5.864194953917607,3054.170664724309,1069.0,5.833553072999254
293,294,10.531780256708355,4.0,15.35,6.330047251432393,3064.7024449810174,1073.0,5.8352592639524925
294,295,10.581232090540095,4.0,13.75,6.300463508996127,3075.2836770715576,1077.0,5.836859907861544
295,296,10.480539093483431,4.0,12.3,6.360995944198952,3085.764216165041,1081.0,5.838640091904887
296,297,9.330944425082096,4.0,11.05,7.144685857035325,3095.095160590123,1085.0,5.842577496029393
297,298,9.747961536858218,4.0,10.2,6.839036696502336,3104.8431221269816,1089.0,5.845705978074117
298,299,9.903162347627662,4.0,9.8,6.7318563834952085,3114.746284474609,1093.0,5.848523443937401
299,300,10.567220117580604,4.0,9.8,6.308817827666317,3125.31350459219,1097.0,5.850079778066633
300,301,10.550881566039129,4.0,10.05,6.318587337881926,3135.864386158229,1101.0,5.85165611146875
301,302,9.58110238470556,4.0,10.35,6.9581415571852725,3145.4454885429345,1105.0,5.855026492669508
302,303,10.205968240955066,5.0,10.8,8.1651570302687,3155.6514567838894,1110.0,5.862497887790955
303,304,11.507821634533187,3.0,11.399999999999999,4.34487095715472,3167.1592784184227,1113.0,5.856983615065698
304,305,11.247275120599406,4.0,11.95,5.9273616010838515,3178.4065535390223,1117.0,5.857232658275824
305,306,9.91785940293761,4.0,12.399999999999999,6.721880595213963,3188.32441294196,1121.0,5.859922301976064
306,307,9.992831916991745,4.0,12.85,6.671448816556906,3198.3172448589517,1125.0,5.86245783783306
307,308,10.13266477076919,4.0,13.35,6.579381453434373,3208.449909629721,1129.0,5.864721967511797
308,309,10.359115485555108,4.0,13.85,6.435555888881399,3218.809025115276,1133.0,5.866559086293433
309,310,11.605497554357346,4.0,14.25,5.74440400805016,3230.4145226696337,1137.0,5.8661202353497375
310,311,11.358595583934129,4.0,14.350000000000001,5.869270208102277,3241.7731182535676,1141.0,5.866131272293191
311,312,9.977745199662824,4.0,14.05,6.681536292279694,3251.7508634532305,1145.0,5.868633279324355
312,313,10.685318980154157,4.0,13.350000000000001,6.23908998790646,3262.4361824333846,1149.0,5.869846620483594
313,314,11.469622408080705,4.0,12.2,5.812455222562334,3273.9058048414654,1153.0,5.869645558601283
314,315,11.381064701718836,4.0,10.65,5.857682775197498,3285.2868695431844,1157.0,5.869604116493687
315,316,11.504725736583294,4.0,9.0,5.794720203948601,3296.7915952797675,1161.0,5.869342796100507
316,317,9.087011564479333,3.0,7.35,5.50235901486551,3305.878606844247,1164.0,5.868334051902472
317,318,11.00755372381164,4.0,5.8,6.056447085282239,3316.8861605680586,1168.0,5.868958331489059
318,319,10.732086486331726,4.0,4.449999999999999,6.2119017351912555,3327.6182470543904,1172.0,5.87006437731379
319,320,11.781481091474511,5.0,3.25,7.073247640624422,3339.399728145865,1177.0,5.874309236276553
320,321,11.110835837365164,3.0,2.25,4.500111488629199,3350.5105639832304,1180.0,5.869752173915276
321,322,10.996021515275807,4.0,1.4500000000000002,6.06279885630021,3361.5065854985064,1184.0,5.870383660250039
322,323,9.284049672596455,5.0,0.8,8.9759680605013,3370.790635171103,1189.0,5.878937261750392
323,324,10.744315668047939,3.0,0.4,4.653623510773502,3381.534950839151,1192.0,5.875044012700983
324,325,11.30175210161979,4.0,0.3,5.898790388183428,3392.836702940771,1196.0,5.875123113368804
325,326,9.614799480520906,5.0,0.44999999999999996,8.667194100320284,3402.451502421292,1201.0,5.883013072316292
326,327,11.416508577108754,3.0,0.8999999999999999,4.379622689572101,3413.8680109984007,1204.0,5.877985499737607
327,328,10.675291356083894,4.0,1.6,6.2449505538481676,3424.5433023544847,1208.0,5.879129435884491
328,329,10.317712557182356,5.0,2.45,8.076725618346813,3434.861014911667,1213.0,5.885730624587315
329,330,9.911699728470943,3.0,3.4,5.0445434556877355,3444.772714640138,1216.0,5.883310263267644
330,331,10.685297623216583,4.0,4.4,6.239102458111791,3455.4580122633547,1220.0,5.884410477907912
331,332,10.068802853181174,5.0,5.45,8.276389412769634,3465.526815116536,1225.0,5.89136017577752
332,333,10.307710530609533,3.0,6.6,4.850737693062022,3475.8345256471457,1228.0,5.888274172907036
333,334,10.748259808301832,4.0,7.75,6.202554446550883,3486.5827854554477,1232.0,5.889243020125533
334,335,9.66452413637486,5.0,8.75,8.62260077758898,3496.2473095918226,1237.0,5.896798721905518
335,336,10.565911051170678,3.0,9.75,4.732199595269177,3506.813220642993,1240.0,5.893289823652861
336,337,10.781515311828718,4.0,10.850000000000001,6.183422713644408,3517.5947359548218,1244.0,5.894179088173283
337,338,9.404354053861328,5.0,11.95,8.861143769796454,3526.999090008683,1249.0,5.902090172247654
338,339,9.985133701506816,10.0,12.9,16.691480720134543,3536.9842237101902,1259.0,5.9325493149422215
339,340,11.699650851384117,3.0,13.65,4.273631806207686,3548.683874561574,1262.0,5.927080032151896
340,341,10.811485528277139,7.0,14.2,10.790993186045364,3559.495360089851,1269.0,5.9418535102307635
341,342,10.490718606204869,3.0,14.45,4.766117734816265,3569.986078696056,1272.0,5.938398507072986
342,343,10.084656244648102,3.0,14.45,4.958027203607942,3580.0707349407044,1275.0,5.93563691147347
343,344,9.707721333073914,4.0,14.350000000000001,6.86738570044603,3589.7784562737784,1279.0,5.938156609473208
344,345,11.015922516600366,3.0,14.350000000000001,4.538884503286298,3600.7943787903787,1282.0,5.933875811549231
345,346,10.841501369846242,4.0,14.600000000000001,6.14920981812431,3611.635880160225,1286.0,5.9345222067022085
346,347,10.776322767154605,4.0,14.95,6.186402180701332,3622.4122029273794,1290.0,5.935271525042127
347,348,11.149093806764851,4.0,15.149999999999999,5.9795592199803576,3633.5612967341444,1294.0,5.935407415873471
348,349,10.266345156664007,4.0,15.2,6.493709849935499,3643.8276418908085,1298.0,5.936980411649668
349,350,11.074170285952551,4.0,15.25,6.020014587569826,3654.9018121767613,1302.0,5.937232001063268
350,351,11.106165006571894,4.0,15.350000000000001,6.002672085928648,3666.007977183333,1306.0,5.9374302516904045
351,352,11.061432237188356,4.0,15.45,6.026947074948795,3677.0694094205214,1310.0,5.937699537951911
352,353,11.721310721511834,4.0,15.7,5.687646053466953,3688.7907201420335,1314.0,5.936904980924686
353,354,10.909873459197291,4.0,16.2,6.110672769578738,3699.7005936012306,1318.0,5.937417396601992
354,355,10.34792228719603,4.0,16.75,6.4425171369093555,3710.0485158884267,1322.0,5.938826201052285
355,356,10.322429316975494,4.0,17.25,6.458428013358412,3720.370945205402,1326.0,5.9402678726112494
356,357,10.266342371701821,5.0,17.75,8.117139514364297,3730.637287577104,1331.0,5.94625840662749
357,358,9.899867133397205,3.0,18.25,5.05057283358127,3740.537154710501,1334.0,5.943887846518151
358,359,10.243103538858579,4.0,18.65,6.508444087649585,3750.7802582493596,1338.0,5.945429607867327
359,360,12.013161488764105,4.0,18.950000000000003,5.549468949453473,3762.7934197381237,1342.0,5.944165456796005
360,361,9.45626114176852,3.0,19.05,5.287502031764845,3772.2496808798924,1345.0,5.9425193354215855
361,362,9.12486978326121,3.0,18.7,5.479530249485939,3781.3745506631535,1348.0,5.941402092190684
362,363,10.872090813142197,4.0,17.95,6.131908554891752,3792.2466414762957,1352.0,5.9419482601377585
363,364,11.407952940973571,4.0,16.95,5.843876373930522,3803.6545944172694,1356.0,5.941654122109472
364,365,10.75201516882815,4.0,15.899999999999999,6.200388077943216,3814.4066095860976,1360.0,5.942383439065567
365,366,11.15891525642048,4.0,14.9,5.974296348232309,3825.5655248425182,1364.0,5.94247652685786
366,367,11.567929510932668,4.0,13.8,5.763059552157631,3837.133454353451,1368.0,5.941935632739611
367,368,10.863128638728044,4.0,12.45,6.136967432107351,3847.996582992179,1372.0,5.942486219383721
368,369,10.502225572241743,4.0,10.899999999999999,6.347860861308504,3858.498808564421,1376.0,5.943589585263038
369,370,10.200716015683875,5.0,9.35,8.1693611708439,3868.699524580105,1381.0,5.949458343928847
370,371,9.40170863425687,6.0,8.0,10.63636450459988,3878.101233214362,1387.0,5.96082084414966
371,372,11.1061604254066,5.0,6.95,7.503343202453559,3889.2073936397683,1392.0,5.965225726439844
372,373,11.83930299702843,4.0,6.4,5.630962116891465,3901.0466966367967,1396.0,5.964211268407918
373,374,9.071146195873947,3.0,6.35,5.511982600693034,3910.1178428326707,1399.0,5.963162135741411
374,375,9.056467536662396,3.0,6.45,5.520916383522602,3919.174310369333,1402.0,5.962140189795398
375,376,10.94520937856328,4.0,6.55,6.0909448472714045,3930.1195197478964,1406.0,5.962498905080754
376,377,11.984181191445746,4.0,6.6,5.56288874489423,3942.103700939342,1410.0,5.961284071345032
377,378,11.326764912892742,4.0,6.699999999999999,5.885764132950532,3953.430465852235,1414.0,5.961067703156488
378,379,11.315114251684285,4.0,7.1,5.891824437985075,3964.7455801039196,1418.0,5.960870087586775
379,380,10.67873307336018,4.0,7.8,6.242937828737138,3975.4243131772796,1422.0,5.961627774283605
380,381,11.094773576293722,4.0,8.6,6.008835259974461,3986.5190867535734,1426.0,5.961759156161743
381,382,10.811868790259412,4.0,9.35,6.166063236609729,3997.3309555438327,1430.0,5.962311752115315
382,383,11.323464562630607,4.0,10.1,5.887479604667833,4008.6544201064635,1434.0,5.962100369670992
383,384,10.89589821219469,4.0,10.85,6.1185104126664225,4019.5503183186584,1438.0,5.962524354388902
384,385,9.473748895834085,4.0,11.5,7.0369889892249695,4029.0240672144923,1442.0,5.965050824317619
385,386,10.087011970335341,4.0,12.2,6.6091590713607875,4039.1110791848278,1446.0,5.966659378148089
386,387,10.678718936167366,4.0,13.05,6.242946093550206,4049.7897981209953,1450.0,5.967387906868504
387,388,11.34045395121997,4.0,14.0,5.8786594393335445,4061.130252072215,1454.0,5.967140138134732
388,389,11.034515531407514,4.0,14.9,6.041648722765716,4072.1647676036227,1458.0,5.96734203716909
389,390,10.564084612088129,4.0,15.600000000000001,6.310690335666398,4082.728852215711,1462.0,5.968230452885156
390,391,10.467334282509636,4.0,16.15,6.369020503917904,4093.1961864982204,1466.0,5.96925537405925
391,392,11.501426389870321,4.0,16.6,5.796382501337587,4104.697612888091,1470.0,5.9687709815880075
392,393,10.207299432992727,4.0,17.05,6.531273732519508,4114.904912321083,1474.0,5.970166307636357
393,394,10.427611200492745,4.0,17.4,6.393282736080187,4125.332523521576,1478.0,5.971235819871599
394,395,10.895357102793419,5.0,17.6,7.648517854634412,4136.227880624369,1483.0,5.975653996833378
395,396,10.714217176716152,3.0,17.799999999999997,4.6666965187768135,4146.942097801086,1486.0,5.972272118243267
396,397,10.722652721490588,4.0,17.9,6.217366951841291,4157.6647505225765,1490.0,5.972904219901817
397,398,10.510179960690989,4.0,17.799999999999997,6.343056628526434,4168.174930483267,1494.0,5.973837570467092
398,399,10.959528083781052,4.0,17.549999999999997,6.082986982379864,4179.134458567049,1498.0,5.974123808217287
399,400,11.179079308159386,4.0,17.1,5.963520324791685,4190.313537875208,1502.0,5.9740955198371735
400,401,10.934309010732948,5.0,16.450000000000003,7.621271106526679,4201.247846885941,1507.0,5.9783825144435845
401,402,10.961190398774512,4.0,15.8,6.082064469395601,4212.209037284715,1511.0,5.978652320058426
402,403,9.955866297194085,5.0,15.1,8.370274453848342,4222.164903581909,1516.0,5.984291765873824
403,404,9.8079922493516,3.0,14.399999999999999,5.09788331075664,4231.972895831261,1519.0,5.98223743153106
404,405,10.822744196693602,4.0,13.85,6.159867170013465,4242.7956400279545,1523.0,5.982690538723683
405,406,10.250703995851975,4.0,13.5,6.503618355738673,4253.046344023806,1527.0,5.983946080381001
406,407,9.898702670395874,4.0,13.3,6.7348892967607945,4262.945046694203,1531.0,5.985689795943803
407,408,10.2917720535133,4.0,13.149999999999999,6.477666462104422,4273.236818747716,1535.0,5.9868746850380745
408,409,10.642207170730579,4.0,13.149999999999999,6.264364675217092,4283.879025918446,1539.0,5.987564038296051
409,410,9.810174201787234,4.0,13.35,6.795665937769099,4293.689200120233,1543.0,5.98941038069233
410,411,10.19358615345399,5.0,13.65,8.175075197171576,4303.882786273687,1548.0,5.99458704644178
411,412,9.359005470251583,3.0,14.100000000000001,5.342447993959334,4313.241791743939,1551.0,5.993172014951723
412,413,9.516289517778574,4.0,14.65,7.0055315721656335,4322.758081261717,1555.0,5.995400663065134
413,414,10.089276227934526,5.0,15.2,8.259594786651341,4332.847357489652,1560.0,6.000672965101586
414,415,9.835070661865688,3.0,15.65,5.083847561346868,4342.682428151517,1563.0,5.9985965888572474
415,416,10.114432069102907,5.0,15.9,8.239052154781492,4352.79686022062,1568.0,6.003802652074321
416,417,11.01212381139066,5.0,16.0,7.56741703604308,4363.808984032011,1573.0,6.007748451547335
417,418,10.290369291858754,6.0,15.95,9.717824226105781,4374.09935332387,1579.0,6.016476659742235
418,419,9.617210361181728,4.0,15.8,6.932017098820631,4383.716563685051,1583.0,6.018485216835029
419,420,10.018816565564773,4.0,15.6,6.654145849501196,4393.735380250616,1587.0,6.019934682204578
420,421,11.74502395119156,4.0,15.3,5.676162683338179,4405.480404201808,1591.0,6.019018185026067
421,422,11.222651422456458,4.0,14.899999999999999,5.940366866716279,4416.703055624264,1595.0,6.018818335428258
422,423,11.354851574817818,4.0,14.55,5.871205469080409,4428.057907199082,1599.0,6.018439812332345
423,424,11.02275661649019,4.0,14.2,6.048093864916917,4439.080663815573,1603.0,6.018513446814141
424,425,9.590628838424024,4.0,13.85,6.95122997561666,4448.671292653997,1607.0,6.020524235530758
425,426,11.156854543506865,4.0,13.7,5.975399823193513,4459.828147197503,1611.0,6.020411350798838
426,427,9.128729340775289,3.0,13.8,5.4772135456645685,4468.956876538278,1614.0,6.019301761720544
427,428,11.114667749163088,4.0,14.05,5.998080030029375,4480.071544287442,1618.0,6.019249112450442
428,429,10.312032179292432,4.0,14.35,6.464939742967429,4490.383576466734,1622.0,6.0202726277127
429,430,9.445456400320271,4.0,14.65,7.0580672697198805,4499.829032867054,1626.0,6.022451031374699
430,431,11.110062189969945,4.0,15.0,6.000566470892726,4510.939095057023,1630.0,6.022397131549666
431,432,11.160650876264171,4.0,15.35,5.973367270940218,4522.0997459332875,1634.0,6.022276124675091
432,433,9.618436212798278,3.0,15.75,5.198350219703082,4531.718182146085,1637.0,6.020527366600888
433,434,10.752088382177487,4.0,16.25,6.2003458581285855,4542.4702705282625,1641.0,6.020952999395052
434,435,10.04133305994757,4.0,16.7,6.639224719333706,4552.51160358821,1645.0,6.022316702072176
435,436,11.354886499675137,4.0,17.1,5.871187410686491,4563.866490087886,1649.0,6.021940692836545
436,437,11.663118706518706,4.0,17.35,5.716024019322172,4575.529608794404,1653.0,6.021160904968787
437,438,10.684782582159341,4.0,17.4,6.239403203017133,4586.214391376564,1657.0,6.021669357323144
438,439,10.62226126377318,4.0,17.25,6.276127559960402,4596.836652640337,1661.0,6.022257353311118
439,440,10.567720311537878,4.0,16.9,6.308519217137091,4607.404372951875,1665.0,6.022913934559017
440,441,9.755497315385226,6.0,16.45,10.250630671825592,4617.159870267261,1671.0,6.031846585894355
441,442,11.423742592633017,3.0,15.85,4.376849320138233,4628.583612859894,1674.0,6.027761910249092
442,443,9.13963421517225,4.0,15.2,7.294237941820106,4637.723247075066,1678.0,6.030257774502774
443,444,10.722168545386847,4.0,14.600000000000001,6.21764770666188,4648.445415620453,1682.0,6.030690010714383
444,445,10.722463302346398,4.0,14.0,6.217476785588811,4659.167878922799,1686.0,6.03111987595878
445,446,9.326161999390782,3.0,13.5,5.3612622216155135,4668.49404092219,1689.0,6.0297817140277195
446,447,11.574003146177198,4.0,13.15,5.760035298477186,4680.068044068367,1693.0,6.029114619910102
447,448,11.205787974041067,4.0,12.9,5.949306449586973,4691.273832042409,1697.0,6.028923986519842
448,449,10.976929769720133,4.0,12.75,6.073343645740241,4702.250761812129,1701.0,6.029027679730679
449,450,9.974358699314704,4.0,12.8,6.68380481155616,4712.2251205114435,1705.0,6.030413645344357
450,451,11.579711193473864,5.0,13.0,7.1964949678795636,4723.804831704917,1710.0,6.033272121810708
451,452,10.705143768231018,4.0,13.25,6.227535856595326,4734.509975473148,1714.0,6.0337113692134166
452,453,9.651101876380826,4.0,13.5,6.907674120591372,4744.161077349529,1718.0,6.035489281769967
453,454,10.919236328905827,4.0,13.75,6.105433077786226,4755.080313678434,1722.0,6.035649895847555
454,455,10.56177562630057,4.0,14.0,6.312069961101582,4765.642089304735,1726.0,6.036262507255023
455,456,11.481005050740055,4.0,14.1,5.806692564983184,4777.123094355476,1730.0,6.03571077483895
456,457,11.378902686235135,4.0,14.0,5.8587957472658765,4788.501997041711,1734.0,6.035290372198682
457,458,11.01174169355486,4.0,13.75,6.054143706048468,4799.513738735265,1738.0,6.0353336282562156
458,459,9.287751499598425,4.0,13.5,7.177912401031524,4808.801490234863,1742.0,6.037540412572809
459,460,10.343443742900956,4.0,13.2,6.445306642908188,4819.144933977765,1746.0,6.038415610791892
460,461,9.904360328466577,4.0,12.8,6.7310421325299465,4829.049294306231,1750.0,6.039836184951787
461,462,11.188987080932602,5.0,12.5,7.447799584588268,4840.238281387164,1755.0,6.043090918163897
462,463,9.875916967721066,4.0,12.3,6.750428024512892,4850.114198354885,1759.0,6.0445312146692585
463,464,10.460547002885598,5.0,12.149999999999999,7.966441268352924,4860.574745357771,1764.0,6.0486673984551524
464,465,10.162425886166181,4.0,12.05,6.560113442737928,4870.737171243937,1768.0,6.049734492066871
465,466,10.832164218998598,5.0,12.05,7.693137922260679,4881.569335462936,1773.0,6.053381191439673
466,467,10.895783567803912,3.0,12.2,4.588931093285079,4892.4651190307395,1776.0,6.050119782124097
467,468,11.844259816004884,4.0,12.4,5.62860556103147,4904.309378846744,1780.0,6.049101794969311
468,469,11.413417991081774,4.0,12.65,5.841078169463233,4915.722796837826,1784.0,6.048618801788441
469,470,9.901334554923343,4.0,12.95,6.733099088497854,4925.624131392749,1788.0,6.049994722511212
470,471,9.95572256669295,4.0,13.25,6.6963162362218895,4935.5798539594425,1792.0,6.0512984391706075
471,472,9.250024745203582,10.0,13.45,18.01796981711734,4944.829878704646,1802.0,6.073683841515878
472,474,10.244492147276276,7.0,13.7,11.388233305219046,4955.074370851922,1809.0,6.0846715394135105
473,475,10.333944605493723,4.0,13.7,6.451231278250262,4965.4083154574155,1813.0,6.085434418877815
474,476,8.98533019098347,3.0,13.7,5.564625777489359,4974.393645648399,1816.0,6.084493673544303
475,477,9.495943682744509,3.0,13.7,5.265406121864135,4983.889589331144,1819.0,6.082933043212796
476,478,9.089462008254797,3.0,13.7,5.500875624386942,4992.979051339398,1822.0,6.081873437566419
477,479,11.849497769899584,4.0,13.75,5.626117491326522,5004.8285491092975,1826.0,6.080794383805517
478,480,9.79816939564038,4.0,13.850000000000001,6.8039920494056245,5014.626718504938,1830.0,6.082207452740026
479,481,10.323441256526776,4.0,13.95,6.457794935823177,5024.950159761465,1834.0,6.082979073391978
480,482,11.602093308191439,4.0,14.05,5.746089511243452,5036.552253069657,1838.0,6.082203021851516
481,483,9.607599592416591,3.0,14.1,5.204213551891326,5046.159852662074,1841.0,6.080531380143756
482,484,11.182797291923853,4.0,14.05,5.961537612312165,5057.342649953997,1845.0,6.0802682610955205
483,485,9.84803119777835,3.0,13.95,5.077156945977148,5067.190681151776,1848.0,6.078318724922966
484,486,9.333793167093166,3.0,13.8,5.356878934951968,5076.524474318869,1851.0,6.0769922721862235
485,487,9.126989471558698,3.0,13.6,5.478257661609973,5085.651463790427,1854.0,6.075917750165615
486,488,10.753180053608311,4.0,13.4,6.199716394062998,5096.4046438440355,1858.0,6.076178959626255
487,489,10.629277334776406,5.0,13.100000000000001,7.839981092664406,5107.033921178812,1863.0,6.079849963642498
488,490,11.692926965000817,3.0,12.7,4.276089310200913,5118.726848143813,1866.0,6.075729555930043
489,491,9.63803440185123,3.0,12.25,5.187779781154986,5128.364882545665,1869.0,6.074060780273005
490,492,9.476976998549006,3.0,11.8,5.27594400700301,5137.841859544214,1872.0,6.072588618515363
491,493,10.111619590327479,4.0,11.45,6.593075033245745,5147.953479134541,1876.0,6.0736109588781915
492,494,10.752639255795227,5.0,11.2,7.7500352565459805,5158.706118390337,1881.0,6.07710524316165
493,495,9.114610042787929,2.0,11.1,3.6571321402508965,5167.820728433125,1883.0,6.072837078241434
494,496,11.062361008887088,4.0,11.149999999999999,6.0264410656196405,5178.883089442012,1887.0,6.072737973968924
495,497,11.086829623809487,4.0,11.35,6.013140720003207,5189.969919065821,1891.0,6.072610662132618
496,498,10.975335514407135,4.0,11.6,6.07422584750639,5200.945254580229,1895.0,6.0726140705902205
497,499,11.8361221826637,4.0,11.85,5.632475369704526,5212.781376762892,1899.0,6.071614693278096
498,500,11.285278487101609,4.0,12.2,5.907401110469949,5224.066655249994,1903.0,6.07125995124748
499,501,9.680687449093572,3.0,12.5,5.1649224564812934,5233.747342699088,1906.0,6.0695835290903295
500,502,9.69937293230077,5.0,12.7,8.591620707336384,5243.4467156313885,1911.0,6.074248815202233
501,503,9.037030591188223,3.0,12.8,5.532790831620479,5252.483746222577,1914.0,6.073317223102593
502,504,9.8756479123002,3.0,12.75,5.0629589515564435,5262.359394134877,1917.0,6.071421126350592
503,505,10.055286330698774,3.0,12.6,4.972508823279361,5272.414680465576,1920.0,6.069325335611552
504,506,9.4059764190156,4.0,12.3,7.087692302937305,5281.820656884592,1924.0,6.0711388647528866
505,507,11.646229426191416,5.0,11.899999999999999,7.1553916966399,5293.466886310783,1929.0,6.073524344346385
506,508,11.470049181684349,4.0,11.5,5.812238954748477,5304.9369354924675,1933.0,6.072959407136842
507,509,11.569788571542688,4.0,11.05,5.762133530308541,5316.50672406401,1937.0,6.072282987475564
508,510,11.892328470698947,4.0,10.65,5.605854802188159,5328.399052534709,1941.0,6.071241977383651
509,511,11.9713596226989,4.0,10.35,5.568846711467925,5340.370412157408,1945.0,6.070115771907842
510,512,9.056001278971396,3.0,10.149999999999999,5.521200633672959,5349.426413436379,1948.0,6.069186517851479
511,513,9.27620744406976,3.0,10.149999999999999,5.390133877608008,5358.702620880449,1951.0,6.068011040576104
512,514,9.204782062974273,4.0,10.35,7.24261217816657,5367.907402943423,1955.0,6.07002522351013
513,515,11.762708833350445,3.0,10.7,4.250721556435755,5379.670111776773,1958.0,6.066047295705896
514,516,11.710568009566305,4.0,11.25,5.6928636264446775,5391.38067978634,1962.0,6.065236706916399
515,517,11.646273168320361,5.0,12.05,7.155364821770857,5403.02695295466,1967.0,6.0675864878678185
516,518,10.602018355801977,3.0,12.95,4.716083138324071,5413.6289713104625,1970.0,6.064939711852003
517,519,10.918301129881515,4.0,13.850000000000001,6.105956034149988,5424.547272440344,1974.0,6.065022267784433
518,520,10.01059920888655,5.0,14.8,8.324510011284556,5434.557871649231,1979.0,6.069184303915389
519,521,9.234073600457597,3.0,15.75,5.414728338045977,5443.791945249689,1982.0,6.068074177992525
520,522,9.654570799420352,4.0,16.65,6.905192167700428,5453.446516049109,1986.0,6.069556179305881
521,523,9.957537285202518,3.0,17.5,5.021321895957439,5463.404053334311,1989.0,6.067645679577476
522,524,9.2762367948104,3.0,18.299999999999997,5.390116822801736,5472.680290129122,1992.0,6.066497262754715
523,525,10.696755540870143,5.0,19.1,7.790524240264584,5483.377045669992,1997.0,6.069860426544237
524,526,11.073371428466743,3.0,19.9,4.515336663544318,5494.450417098459,2000.0,6.066727480077287
525,527,11.792391001094062,4.0,20.6,5.653362974521582,5506.242808099553,2004.0,6.065842202031009
526,528,9.755614081409327,3.0,21.2,5.12525399044658,5515.998422180963,2007.0,6.064178674433749
527,529,10.136296338744662,3.0,21.85,4.932768175776547,5526.134718519707,2010.0,6.06210338805741
528,530,9.48281036769368,4.0,22.5,7.030264666452537,5535.617528887401,2014.0,6.063761900366191
529,531,11.589621042914848,3.0,23.15,4.314204909276719,5547.207149930316,2017.0,6.060106601046792
530,532,10.696757115024964,4.0,23.85,6.23241847503715,5557.903907045341,2021.0,6.060438232952441
531,533,10.873228981933142,4.0,24.5,6.131266689723852,5568.777136027274,2025.0,6.060576527951523
532,534,11.315109665674068,4.0,25.15,5.891826825939576,5580.0922456929475,2029.0,6.0602343433961
533,535,10.893691794342965,4.0,25.75,6.119749661109956,5590.98593748729,2033.0,6.060350305327585
534,536,10.686585418252472,4.0,26.25,6.238350610364406,5601.672522905543,2037.0,6.06068988523992
535,537,10.367373984268598,4.0,26.7,6.430429419043466,5612.039896889812,2041.0,6.061372921728279
536,538,9.302218204072688,3.0,27.1,5.375062044675436,5621.342115093885,2044.0,6.060237211891827
537,539,11.654296039766741,4.0,27.4,5.720351228352784,5632.996411133651,2048.0,6.05953401033038
538,540,11.744565635927062,4.0,27.6,5.6763841876561925,5644.740976769578,2052.0,6.058736820829692
539,541,11.6619956606311,4.0,27.799999999999997,5.716574470330316,5656.402972430209,2056.0,6.058031373239376
540,542,9.06044581990119,6.0,27.95,11.03698449146408,5665.46341825011,2062.0,6.06599392310285
541,543,9.991703806864773,8.0,28.0,13.34440410870937,5675.455122056976,2070.0,6.078807647675671
542,544,3.4120184849168522,4.0,28.0,19.538776522276454,5678.867140541893,2074.0,6.086894764607616
